device_id,t,ir,red
sim-01,1762966493.334289,0.9999939705096135,0.9549299893789256
sim-01,1762966493.393655,1.0203187950539012,0.9709761909559517
sim-01,1762966493.4529686,1.0290946127618508,0.9762877934113903
sim-01,1762966493.5121567,1.0384012036293102,0.9809837662977295
sim-01,1762966493.5714052,1.0319377254618276,0.9804362605908721
sim-01,1762966493.630903,1.0290447785062633,0.9724238411048612
sim-01,1762966493.6908317,1.0139587628807707,0.9584909451969189
sim-01,1762966493.750362,1.010436547032717,0.9571833607820442
sim-01,1762966493.8097394,0.9996761758387178,0.9439711880560117
sim-01,1762966493.8689482,0.9873526351368362,0.9400231586058434
sim-01,1762966493.928145,0.9799785990274783,0.9346603823928529
sim-01,1762966493.9873474,0.9801069632282173,0.9254615456891758
sim-01,1762966494.046706,0.9759455978497237,0.9345421855912911
sim-01,1762966494.1061196,0.986302890963717,0.9463864894883556
sim-01,1762966494.1655664,1.0093782923205386,0.9657044611706785
sim-01,1762966494.225201,1.0245196813512158,0.974416196339541
sim-01,1762966494.2850254,1.0365910068874558,0.9809910022333089
sim-01,1762966494.3442063,1.0341583448840583,0.982878431141971
sim-01,1762966494.4033391,1.034883866881286,0.9716696328823669
sim-01,1762966494.462781,1.0191037770249458,0.963720260202701
sim-01,1762966494.5219576,1.0105326165216002,0.9587338383986962
sim-01,1762966494.5812445,1.0002654878981934,0.948819356680006
sim-01,1762966494.6414895,0.9917595937562733,0.9375493311603156
sim-01,1762966494.701247,0.9849551901390857,0.931574364040958
sim-01,1762966494.7607882,0.9675196426520644,0.9200009123137105
sim-01,1762966494.8199193,0.9696020945494767,0.9242283431834717
sim-01,1762966494.8789814,0.9687852827238564,0.9214095154161811
sim-01,1762966494.9387925,0.9819706631235209,0.9418060574925748
sim-01,1762966494.9979625,0.999805546023099,0.9570482591059088
sim-01,1762966495.0577734,1.0143876382516797,0.9681894510545963
sim-01,1762966495.1174133,1.025815499164459,0.9748733011743826
sim-01,1762966495.1766994,1.028447152430958,0.9754701288982667
sim-01,1762966495.2363,1.027084579137626,0.9732503354234283
sim-01,1762966495.2960014,1.0151424720284463,0.9664026199320381
sim-01,1762966495.35527,1.009314877776706,0.9516488852646503
sim-01,1762966495.4147696,1.0026292858926023,0.9429280294107042
sim-01,1762966495.4742575,0.9919156580722278,0.9393751948377937
sim-01,1762966495.5335906,0.9850975432686695,0.931649478705085
sim-01,1762966495.5932672,0.9726748162877351,0.9218092711001444
sim-01,1762966495.6524785,0.9748977051018777,0.9217733436480032
sim-01,1762966495.7116888,0.9751047677627093,0.9301021174424218
sim-01,1762966495.770702,0.982711913001048,0.9374861190663647
sim-01,1762966495.8301606,1.0016380262648683,0.9605760900617467
sim-01,1762966495.889782,1.0221236333025459,0.9756730550375379
sim-01,1762966495.94922,1.027835852229193,0.9790679585119155
sim-01,1762966496.008499,1.0343397060870283,0.9825550818488764
sim-01,1762966496.068165,1.0297502094421231,0.9715680625154391
sim-01,1762966496.1274557,1.0189220932764138,0.963263276291815
sim-01,1762966496.1870203,1.0119122306492114,0.9559218443785339
sim-01,1762966496.2462828,1.002155711352414,0.942731260261006
sim-01,1762966498.3676786,1.0169096846126329,0.9684471132051921
sim-01,1762966498.427121,1.027968741620105,0.9789221847878985
sim-01,1762966498.4863086,1.0355916146942596,0.9808312807189482
sim-01,1762966498.5459468,1.025649980741898,0.9750391371360327
sim-01,1762966498.6052964,1.0246943954051886,0.9671986575337853
sim-01,1762966498.6646004,1.0088544191597675,0.9571976360219355
sim-01,1762966498.7238235,1.0048662972904552,0.9478898366939805
sim-01,1762966498.783137,0.9897538492261821,0.9416476123707732
sim-01,1762966498.8429508,0.9864468255617886,0.9328884282294228
sim-01,1762966498.9025145,0.9708730136899358,0.9268630821095452
sim-01,1762966498.9615595,0.9690302977025581,0.9141753028638502
sim-01,1762966499.0205977,0.9616631302446018,0.9266576948413393
sim-01,1762966499.080394,0.9765040279066761,0.9350988012785715
sim-01,1762966499.13977,0.9907766509725067,0.9474974369300556
sim-01,1762966499.1993887,1.0053948397451853,0.9633455322707395
sim-01,1762966499.259209,1.0189737833453618,0.9752868806034634
sim-01,1762966499.3184826,1.0317946722898428,0.9764806672706519
sim-01,1762966499.3783028,1.0289997445418293,0.9747770955136227
sim-01,1762966499.4373932,1.0282510005079697,0.9691236931199245
sim-01,1762966499.4964356,1.0130234760615762,0.9618554036872101
sim-01,1762966499.5556462,1.0031252316775578,0.950185927414658
sim-01,1762966499.615076,1.0010634807928542,0.944628706059838
sim-01,1762966499.6744742,0.9938604104212926,0.9365080253238394
sim-01,1762966499.7338061,0.9819209304043844,0.9266335068111659
sim-01,1762966499.7932782,0.9694649015948968,0.9194283778367565
sim-01,1762966499.852676,0.9720914459862526,0.9310961649949244
sim-01,1762966499.9121451,0.9778798155766504,0.9384190816195616
sim-01,1762966499.9713805,0.9891559448560141,0.9503036165067497
sim-01,1762966500.036431,1.0134368044996673,0.9696432160573257
sim-01,1762966500.095472,1.0205483211838355,0.9730737664348202
sim-01,1762966500.154543,1.0339329540469755,0.9779349173058136
sim-01,1762966500.213642,1.0298403341676525,0.9739961227850024
sim-01,1762966500.272773,1.0205047474263316,0.96803370829786
sim-01,1762966500.3318522,1.0109288944757253,0.9497466668886391
sim-01,1762966500.39093,0.9975244419043633,0.9482480570723751
sim-01,1762966500.450155,0.9906670382879141,0.9386163432739527
sim-01,1762966500.5091915,0.9762366843135613,0.9260468390887838
sim-01,1762966500.5684032,0.9658590354986433,0.9199219556484065
sim-01,1762966500.6278486,0.9657362691634462,0.9118232648897143
sim-01,1762966500.6868346,0.9613785752942244,0.9168583603121774
sim-01,1762966500.7463813,0.9643161425252782,0.9247810148176909
sim-01,1762966500.8053842,0.98143775725909,0.9413846015332713
sim-01,1762966500.8643832,0.9974574006289598,0.9511194635725422
sim-01,1762966500.9234142,1.0120804467660822,0.9691979404994084
sim-01,1762966500.9826534,1.0232340643343745,0.9726866414457798
sim-01,1762966501.0417368,1.0218929713103795,0.9696137439754929
sim-01,1762966501.1011124,1.0175283914691247,0.9600804409292951
sim-01,1762966501.1604033,1.0073200077484585,0.9540423599305657
sim-01,1762966501.2194958,1.0030019032178212,0.9512306297992429
sim-01,1762966501.278973,0.9924489784880869,0.9412862672420691
sim-01,1762966503.3846648,1.011288555905857,0.9690173642632806
sim-01,1762966503.4439547,1.0283231654587475,0.9752482350245266
sim-01,1762966503.5031884,1.0380416710442588,0.9813740943588126
sim-01,1762966503.5624526,1.0312212801887661,0.9730564669249643
sim-01,1762966503.6216884,1.0274674505612846,0.9673576050900723
sim-01,1762966503.6808968,1.0118312973019727,0.9560749379636282
sim-01,1762966503.740202,1.0055190965380698,0.9490934305826838
sim-01,1762966503.7997737,0.9969055690911499,0.9431339291998148
sim-01,1762966503.8591075,0.9813391662361908,0.9341514865233029
sim-01,1762966503.9182105,0.9732755806506156,0.9233646703313326
sim-01,1762966503.9775064,0.9670197612437124,0.9215307790382007
sim-01,1762966504.036833,0.9686283089689691,0.93038028915829
sim-01,1762966504.0963278,0.9762770765954863,0.9355451016070694
sim-01,1762966504.1556103,0.9998934467443686,0.9489878094535483
sim-01,1762966504.2149413,1.015092889190465,0.962252522623193
sim-01,1762966504.2749372,1.02353324103757,0.9726924522828345
sim-01,1762966504.3341835,1.023425703026193,0.9800033503729784
sim-01,1762966504.393374,1.0268437769558265,0.9652640567199201
sim-01,1762966504.452736,1.0185322918660829,0.959366480646824
sim-01,1762966504.5124307,1.001880094315637,0.9520696007712129
sim-01,1762966504.5719717,0.9907199338459121,0.9362751439265372
sim-01,1762966504.631141,0.9858833948655351,0.9298226481312672
sim-01,1762966504.6902485,0.9755447125776899,0.9172299176073351
sim-01,1762966504.7495675,0.9662598013397491,0.9149259758531917
sim-01,1762966504.8091083,0.9567655607487044,0.9154226162910731
sim-01,1762966504.8685048,0.9600851620479041,0.9165533179068124
sim-01,1762966504.9278228,0.9717713239500115,0.9259397881477879
sim-01,1762966504.9869845,0.984680934142031,0.9456561698821613
sim-01,1762966505.046308,1.0058245954613505,0.9614014058792003
sim-01,1762966505.1054738,1.0164238512790507,0.9686972625977965
sim-01,1762966505.1648505,1.0284531544111997,0.9723739506481374
sim-01,1762966505.2242606,1.0211352309596606,0.9695318105022406
sim-01,1762966505.2835855,1.0163394837333175,0.9698528573251753
sim-01,1762966505.3431542,1.015942375255574,0.9585310781959975
sim-01,1762966505.4028614,1.004462291655837,0.9518513861729554
sim-01,1762966505.4624097,0.9959607717293542,0.9376198457084814
sim-01,1762966505.5219119,0.9926962049550664,0.9340767449060752
sim-01,1762966505.5813918,0.9823584168232979,0.9287188514768314
sim-01,1762966505.640711,0.9723009754460212,0.9247744573051229
sim-01,1762966505.6998892,0.9807382347992207,0.930689263319433
sim-01,1762966505.7589266,0.986851436731352,0.9469887500660635
sim-01,1762966505.8184752,0.9999535647406862,0.9591553792627373
sim-01,1762966505.878069,1.0214219844450936,0.9746459571014341
sim-01,1762966505.937699,1.0349609501705612,0.9855318324176634
sim-01,1762966505.9972045,1.045159481792905,0.9920161324531865
sim-01,1762966506.0566285,1.0391681071305223,0.9789231475389698
sim-01,1762966506.116139,1.0270169354608043,0.9702783262710253
sim-01,1762966506.1751955,1.0143685892989265,0.9674103428687865
sim-01,1762966506.2341719,1.0116025320682607,0.9531558026748191
sim-01,1762966506.2936256,1.0002301376134812,0.9428784148376123
sim-01,1762966508.4403198,1.0157776587043894,0.9745833135367437
sim-01,1762966508.4995036,1.0250481981814952,0.9770071925183316
sim-01,1762966508.5586872,1.021781702966811,0.9717181107940916
sim-01,1762966508.6177354,1.0095796184804067,0.9604397307660306
sim-01,1762966508.6770005,0.9995402390025553,0.9519322479167089
sim-01,1762966508.7364876,0.9905749630047828,0.9359898495385643
sim-01,1762966508.7963378,0.9818401582486325,0.9274528497916419
sim-01,1762966508.8554206,0.9733889597195979,0.9191319529448979
sim-01,1762966508.914578,0.9690643471864635,0.9197978800542566
sim-01,1762966508.97368,0.9587324642345967,0.9189393372824523
sim-01,1762966509.0329995,0.964525632105958,0.9216827168441024
sim-01,1762966509.0921462,0.9721413033300793,0.9348416803332815
sim-01,1762966509.1512985,0.9922314671789152,0.9507381325681791
sim-01,1762966509.2103255,1.0137980923638044,0.9656214088501877
sim-01,1762966509.269269,1.0226200373333436,0.9748036409031055
sim-01,1762966509.328316,1.0305451795094718,0.9761748406330585
sim-01,1762966509.3876987,1.030387709661989,0.9758182824879688
sim-01,1762966509.447212,1.0220229900566937,0.9742346439784054
sim-01,1762966509.5062535,1.014885436655666,0.9630035654518508
sim-01,1762966509.5652819,1.010579879222274,0.9506374736115706
sim-01,1762966509.6248555,1.0011549235287953,0.9479958481487514
sim-01,1762966509.6842031,0.9965420874823192,0.9341686973139682
sim-01,1762966509.7434938,0.981884389224534,0.9336394720554566
sim-01,1762966509.8026474,0.9817769120222801,0.9272428500982884
sim-01,1762966509.8618777,0.9757359633237666,0.9376433149194562
sim-01,1762966509.9210896,0.9871020779473529,0.9473495007994088
sim-01,1762966509.980051,1.00448585323214,0.9575933576517623
sim-01,1762966510.0391498,1.0207211585446463,0.9697998782986416
sim-01,1762966510.098173,1.0300206556272236,0.9839947157303703
sim-01,1762966510.1574247,1.0374360005648877,0.9851032700225807
sim-01,1762966510.216522,1.037973496898279,0.9837385971928524
sim-01,1762966510.2760682,1.030734228890165,0.9750386234997098
sim-01,1762966510.3352554,1.0128605805638675,0.9648291236183447
sim-01,1762966510.394636,1.002419972304779,0.9535253502160665
sim-01,1762966510.4539082,0.9943902928577121,0.9390774600387948
sim-01,1762966510.512899,0.9867242858120853,0.9277273385415675
sim-01,1762966510.5723922,0.9740542761607127,0.9215300954345298
sim-01,1762966510.6316428,0.97165353297747,0.9170496803194786
sim-01,1762966510.6909366,0.970621803581855,0.9196627237828467
sim-01,1762966510.7504325,0.9772205786441379,0.9328066819586989
sim-01,1762966510.8097541,0.9923587802692447,0.9525457231343339
sim-01,1762966510.8690002,1.0101988609188477,0.9655370003545087
sim-01,1762966510.9283397,1.0261258016677877,0.9718281792826563
sim-01,1762966510.9876554,1.030092988576388,0.9719250310709281
sim-01,1762966511.0469394,1.0291655505778123,0.9723404347956913
sim-01,1762966511.106376,1.0234106950436939,0.9623202129162264
sim-01,1762966511.1657782,1.0076788988976084,0.9590646238844496
sim-01,1762966511.224955,1.0051176893293743,0.9525235800299875
sim-01,1762966511.283967,0.9986415356358418,0.9403767978453684
sim-01,1762966511.3432167,0.9902516932490901,0.936476493173417
sim-01,1762966513.4480736,1.0294150746020425,0.9820347816879187
sim-01,1762966513.5074728,1.0316767721642248,0.9821752761941279
sim-01,1762966513.5671687,1.036215930447725,0.9821303600265519
sim-01,1762966513.6265962,1.0297983552957848,0.9659496924999705
sim-01,1762966513.685966,1.0180386369428611,0.9593521367084908
sim-01,1762966513.7451594,1.005160104865991,0.9515375254781169
sim-01,1762966513.8047168,0.9994434675004784,0.9443662589122519
sim-01,1762966513.8638608,0.9964639486390503,0.9356508639803155
sim-01,1762966513.9228861,0.9869093513231214,0.9320291968531129
sim-01,1762966513.9819393,0.97489852812576,0.930300377230862
sim-01,1762966514.0412421,0.9805812648870278,0.935429760448155
sim-01,1762966514.100511,0.9924118191433702,0.9493924461146138
sim-01,1762966514.1597524,1.0060772997487584,0.9564726383995791
sim-01,1762966514.219049,1.0176742030784345,0.9736625402660084
sim-01,1762966514.2782443,1.0353120131490194,0.9810450856663959
sim-01,1762966514.3373325,1.0356138802756856,0.9813920032395038
sim-01,1762966514.3963647,1.0281755321495851,0.9727646912262805
sim-01,1762966514.4554813,1.0214085153244885,0.9671377950110454
sim-01,1762966514.5146763,1.0147664924508832,0.9527327673909742
sim-01,1762966514.573961,1.0042799022228646,0.9458280860896183
sim-01,1762966514.6331453,0.9945535572156806,0.9364670689938551
sim-01,1762966514.692238,0.9804445803384694,0.92957212105346
sim-01,1762966514.751275,0.970326724178758,0.9221723504578024
sim-01,1762966514.8103604,0.9650057282192034,0.9175972692491183
sim-01,1762966514.8693924,0.964739530259897,0.9226705892246619
sim-01,1762966514.928676,0.9770983376488455,0.9326679657003475
sim-01,1762966514.9879334,0.9961551036164453,0.9530656280885332
sim-01,1762966515.047291,1.0121762459399517,0.960603701999081
sim-01,1762966515.1068785,1.027799825297472,0.9768289384133364
sim-01,1762966515.1661186,1.0333828509907383,0.9778064343938949
sim-01,1762966515.2252464,1.0230901218137525,0.9761473931857222
sim-01,1762966515.284389,1.0169944965452618,0.9702157629416811
sim-01,1762966515.3437562,1.015580545029443,0.9566793107701009
sim-01,1762966515.403094,1.0042548973021963,0.9530054547401622
sim-01,1762966515.4620776,0.995591855052638,0.9365424669379824
sim-01,1762966515.521078,0.9850212110818678,0.932338380650026
sim-01,1762966515.58046,0.9800024626974122,0.9249275786393908
sim-01,1762966515.639819,0.9697456042032586,0.9231919079167105
sim-01,1762966515.6990428,0.9768402835905639,0.9309676544698026
sim-01,1762966515.7584007,0.9871538619494385,0.934795366331169
sim-01,1762966515.8178134,0.9941925780310304,0.9534225012731715
sim-01,1762966515.8771007,1.0106394366785125,0.9649093808444852
sim-01,1762966515.9362607,1.029544898671182,0.9750355083867964
sim-01,1762966515.995562,1.0339309063074613,0.9812330103902671
sim-01,1762966516.0548644,1.0246946783945385,0.9724378378564191
sim-01,1762966516.1140513,1.0191826260197303,0.9638540787537621
sim-01,1762966516.1730587,1.0089798642980485,0.9564208452815187
sim-01,1762966516.2322907,0.9958128738049666,0.9474985899197856
sim-01,1762966516.2916684,0.9936209533768671,0.9332474085330168
sim-01,1762966516.3510456,0.9811035000001885,0.9271923665271622
sim-01,1762966518.4413936,1.0270824189182197,0.978710235413869
sim-01,1762966518.5007493,1.0328306450254818,0.982603152848917
sim-01,1762966518.5598986,1.0325865583198965,0.9740217490316546
sim-01,1762966518.6192563,1.0211824618608543,0.9683422466671554
sim-01,1762966518.6785803,1.0055608093646815,0.9537095036079054
sim-01,1762966518.7376337,1.0025418017452425,0.9427713954102385
sim-01,1762966518.796911,0.9910145262370907,0.9400034087090874
sim-01,1762966518.8564339,0.9766031055092974,0.9278657123867251
sim-01,1762966518.9157472,0.9686780710008184,0.9192365424411247
sim-01,1762966518.9750555,0.9699679292195352,0.9182866516811544
sim-01,1762966519.0340705,0.9657912902479487,0.923087605000742
sim-01,1762966519.0935798,0.9766012804331841,0.933913611666111
sim-01,1762966519.1530232,0.9897432111640756,0.9467325161351537
sim-01,1762966519.2125096,1.0158369101890423,0.9669746494321161
sim-01,1762966519.2715049,1.0212586468668416,0.974749440041051
sim-01,1762966519.330983,1.0318578332604096,0.9762337035860318
sim-01,1762966519.390319,1.0333429970963421,0.97281752816742
sim-01,1762966519.449559,1.0239046502053213,0.9710392904350055
sim-01,1762966519.5089717,1.0113951514344626,0.958702281538462
sim-01,1762966519.5680914,1.0075005562574417,0.9452015809668532
sim-01,1762966519.6272645,0.9997400021195789,0.9387710037840534
sim-01,1762966519.687025,0.9905845796820705,0.9355956373579402
sim-01,1762966519.746269,0.9824616398942801,0.928795987725838
sim-01,1762966519.8053763,0.9696792781770607,0.922893762930157
sim-01,1762966519.864722,0.9687654755188239,0.9313564360511788
sim-01,1762966519.9241302,0.9810667943680484,0.9341797889504927
sim-01,1762966519.9834123,0.9944693790148498,0.9550151852505395
sim-01,1762966520.0429611,1.0121151355849285,0.9691843444136863
sim-01,1762966520.1024878,1.0297142565536936,0.9759407304430224
sim-01,1762966520.1619723,1.0339912981546937,0.9829765805236961
sim-01,1762966520.2215996,1.0286219537115668,0.9706580101651092
sim-01,1762966520.2811584,1.018161557324629,0.9592086256194898
sim-01,1762966520.3407395,1.0051534994325158,0.9522537894581905
sim-01,1762966520.400197,0.9921752652308277,0.9419553216170606
sim-01,1762966520.459522,0.9899295940127472,0.929050953945356
sim-01,1762966520.5187156,0.9745286173710447,0.9242220760700403
sim-01,1762966520.5779173,0.9619560092099242,0.9208162661276319
sim-01,1762966520.637275,0.9577987570664308,0.9165551905535525
sim-01,1762966520.6966062,0.9650894050366907,0.9162921016250546
sim-01,1762966520.7557242,0.9670000001097693,0.9294800221437256
sim-01,1762966520.8150153,0.9825161980005045,0.9430505740324412
sim-01,1762966520.8745146,1.0078423588963452,0.9574895917026661
sim-01,1762966520.933869,1.0172052322574576,0.9666179007501279
sim-01,1762966520.993311,1.0198660474434502,0.9728394945051777
sim-01,1762966521.0526965,1.0213982269856763,0.9697482879813203
sim-01,1762966521.1120222,1.0157921282165587,0.9603813529267045
sim-01,1762966521.171329,1.0084769770615654,0.9565134488351199
sim-01,1762966521.230529,1.005000857890757,0.9436929343123432
sim-01,1762966521.2899864,0.9919255359404686,0.9339526571019041
sim-01,1762966521.3494337,0.9875887407626941,0.9304376652666527
sim-01,1762966523.4421906,1.0247104676306056,0.9785911859081511
sim-01,1762966523.5013566,1.034794723772567,0.9807210283444211
sim-01,1762966523.5606785,1.028129629053651,0.9755607705653393
sim-01,1762966523.620112,1.0253999919598198,0.9695679464053635
sim-01,1762966523.6793218,1.0113944057034077,0.9548772319859037
sim-01,1762966523.738688,1.0033214742229288,0.9491607968719226
sim-01,1762966523.7977257,0.9916631601345244,0.9372696676139558
sim-01,1762966523.8567452,0.9897827468646813,0.9374438234044902
sim-01,1762966523.9160721,0.9732212403456418,0.9244890676145618
sim-01,1762966523.9753077,0.9678881185246324,0.9260269269626361
sim-01,1762966524.0345268,0.9719959883769934,0.9232934284884756
sim-01,1762966524.0936987,0.9842044635794612,0.9350602626746599
sim-01,1762966524.1529756,0.9978616211003618,0.953046195732417
sim-01,1762966524.2123094,1.0063241752017265,0.9667140425259578
sim-01,1762966524.2721999,1.024449841491532,0.9693861223107406
sim-01,1762966524.3315895,1.024141582714272,0.9774945181938196
sim-01,1762966524.3906026,1.0189159864711372,0.9654176821423966
sim-01,1762966524.4499953,1.0181642368339547,0.9641453323748161
sim-01,1762966524.509325,1.007121129008886,0.9529000630212191
sim-01,1762966524.5687075,0.9904860657903068,0.9444712173210685
sim-01,1762966524.6278973,0.9845803175126544,0.9319123548100611
sim-01,1762966524.6871552,0.9731183602959254,0.9181525883284319
sim-01,1762966524.7467182,0.9654018733819348,0.9169118483478722
sim-01,1762966524.805981,0.9601888683395798,0.9085952903535889
sim-01,1762966524.8654637,0.9580564837731054,0.9184966327378765
sim-01,1762966524.92463,0.9721220356806549,0.9294714197755864
sim-01,1762966524.983973,0.9837838128623404,0.9464239875881421
sim-01,1762966525.0431647,1.0053784711963685,0.9574065267445855
sim-01,1762966525.1022232,1.0190371118057502,0.9712064878271371
sim-01,1762966525.16145,1.0293727897936393,0.9741146639715048
sim-01,1762966525.2208033,1.030068939973894,0.9748652683424146
sim-01,1762966525.2798223,1.0167210621578395,0.9638853012829317
sim-01,1762966525.339135,1.0161124428316215,0.956304115687879
sim-01,1762966525.3980975,1.0088385444889414,0.9492979984138754
sim-01,1762966525.4572253,0.9981518000134924,0.9432697857291432
sim-01,1762966525.5161526,0.9877851629889335,0.9385977733776492
sim-01,1762966525.5751157,0.9801749815861855,0.9252933670090968
sim-01,1762966525.6345098,0.9725343210565871,0.9286411678130257
sim-01,1762966525.6936264,0.9759943304254486,0.9275397200821586
sim-01,1762966525.7526145,0.9839812948913931,0.9479654723475772
sim-01,1762966525.8121536,1.001713944432161,0.961514173548844
sim-01,1762966525.8713536,1.0163516247579376,0.9761745803488516
sim-01,1762966525.9304962,1.0318254862099827,0.9817981866835029
sim-01,1762966525.9895296,1.0420032250908609,0.9904637375130818
sim-01,1762966526.0486634,1.0357361541149075,0.9856269256080146
sim-01,1762966526.1077569,1.0294761528776841,0.9752078619988842
sim-01,1762966526.1673524,1.0217806033066763,0.966276740661034
sim-01,1762966526.22661,1.0129947635502925,0.9543321712818299
sim-01,1762966526.2857416,0.9954108692875966,0.940391545689455
sim-01,1762966526.344831,0.9872493882608774,0.9363563278180773
sim-01,1762966528.4750657,1.0271988661716978,0.9687410455124723
sim-01,1762966528.5340497,1.021028027556059,0.9670623773437634
sim-01,1762966528.5933387,1.0116803227349638,0.9651858484350136
sim-01,1762966528.6523962,1.0027888399996208,0.9533050657034451
sim-01,1762966528.711892,0.9966138178838553,0.9474230705792263
sim-01,1762966528.7709408,0.9864503139780794,0.9378699807790547
sim-01,1762966528.8302472,0.9835200420158339,0.9241949163165886
sim-01,1762966528.8892186,0.9701277466677171,0.9222127208290986
sim-01,1762966528.948263,0.9600183831116319,0.9097357576948418
sim-01,1762966529.0076272,0.9574310263487802,0.9134499241549678
sim-01,1762966529.067421,0.9645860382402919,0.9220155744271492
sim-01,1762966529.1268613,0.9844817158360273,0.9445510328217225
sim-01,1762966529.1862779,1.0007311369404863,0.9532997989122627
sim-01,1762966529.2452917,1.015451653300691,0.9681431616968974
sim-01,1762966529.3042412,1.0314987798271584,0.9814639776017492
sim-01,1762966529.3634396,1.0343572775452679,0.9812743990087899
sim-01,1762966529.422625,1.0240212959894117,0.9697334617262204
sim-01,1762966529.4817717,1.0147589057869935,0.9659632556423046
sim-01,1762966529.540799,1.0157371797309245,0.9574907795245696
sim-01,1762966529.6001728,1.0079161188083932,0.9441222724758972
sim-01,1762966529.6591709,0.9929181924529678,0.9417058236896881
sim-01,1762966529.718411,0.9880295706260628,0.9321838086262166
sim-01,1762966529.7777069,0.9758784543063522,0.9301904458710076
sim-01,1762966529.837031,0.9744834111010549,0.9269617999915618
sim-01,1762966529.8964524,0.9794682223727984,0.940601600257527
sim-01,1762966529.9554524,0.9922081806766099,0.9545910112559101
sim-01,1762966530.0150986,1.0121941690188991,0.9678811042044612
sim-01,1762966530.0743604,1.0246038643679918,0.977613765700093
sim-01,1762966530.1334734,1.0405440835495312,0.9820425402212098
sim-01,1762966530.1925673,1.0351001158061117,0.9873363063346703
sim-01,1762966530.2519424,1.0265626833601442,0.9773268435950253
sim-01,1762966530.3116198,1.0240657541769895,0.9678346618980359
sim-01,1762966530.3706143,1.0145604613070576,0.9572767735952653
sim-01,1762966530.4295945,1.0021296667200899,0.9417493998481169
sim-01,1762966530.4888191,0.9903140952045327,0.9403315130960072
sim-01,1762966530.5477712,0.9770069977023629,0.9301490797334045
sim-01,1762966530.6068196,0.9754704983765539,0.9238800642968474
sim-01,1762966530.6662307,0.9667622728106724,0.9222996272533988
sim-01,1762966530.7254786,0.971862210055637,0.9267506747189478
sim-01,1762966530.7847219,0.9784142045079933,0.9451641304997961
sim-01,1762966530.8441885,1.004818242503552,0.9598302594166741
sim-01,1762966530.9032502,1.0148322963487348,0.9646067175528719
sim-01,1762966530.9633124,1.0313427741716108,0.9802004138478199
sim-01,1762966531.0225766,1.0316811933901417,0.9735504640638277
sim-01,1762966531.082052,1.0235051275639975,0.969948743317024
sim-01,1762966531.14121,1.0108289014514678,0.9595646234498354
sim-01,1762966531.2004957,1.005803117391419,0.9496808037646213
sim-01,1762966531.2595239,0.9965671432072736,0.9464987462225585
sim-01,1762966531.3189075,0.9876662985847005,0.9333710984966752
sim-01,1762966531.3781846,0.9820657925989403,0.9317181320805084
sim-01,1762966533.496286,1.030719439865772,0.9854850272066435
sim-01,1762966533.555753,1.0368404308157928,0.9848150997842828
sim-01,1762966533.6150377,1.029706963305458,0.9735734427617397
sim-01,1762966533.6743207,1.0149664444046151,0.964464434553519
sim-01,1762966533.7336507,1.007772662240665,0.9589827033928305
sim-01,1762966533.7930949,0.9975389843857403,0.9498572417379647
sim-01,1762966533.85225,0.9952675788065274,0.940704250822217
sim-01,1762966533.9117603,0.9796044582380875,0.9311752852403699
sim-01,1762966533.9711888,0.9782957584119816,0.9272439597874228
sim-01,1762966534.030422,0.979279119521732,0.9361039896455429
sim-01,1762966534.0893755,0.9894320548675358,0.9391213820866714
sim-01,1762966534.1485066,1.0013897925375332,0.959673556679551
sim-01,1762966534.2078533,1.014890911801374,0.9756720104223969
sim-01,1762966534.2669356,1.035989371998979,0.9852239652736879
sim-01,1762966534.3260765,1.0391365753502817,0.9838308490073194
sim-01,1762966534.3852832,1.0333742262440533,0.9796966483646777
sim-01,1762966534.4446955,1.0206303068501061,0.9685956544831028
sim-01,1762966534.5041633,1.0121718591039248,0.9570069009189328
sim-01,1762966534.5633445,1.0007839821636868,0.9530757324273972
sim-01,1762966534.6239066,0.9956680947118158,0.9342042520524708
sim-01,1762966534.6833436,0.9836933040964077,0.9314422027338791
sim-01,1762966534.7445147,0.9699729965096904,0.9238954799624501
sim-01,1762966534.803632,0.9654032575084883,0.919808258198787
sim-01,1762966534.8628905,0.9677631501768852,0.9247022214490005
sim-01,1762966534.9219599,0.9724731203952951,0.9326361322706235
sim-01,1762966534.981161,0.9934768768727406,0.9504233197951851
sim-01,1762966535.0401711,1.0066370681738106,0.9654197856416569
sim-01,1762966535.0992799,1.0208510565791042,0.9780986990497302
sim-01,1762966535.1582785,1.0338842562569248,0.9780329688254126
sim-01,1762966535.2173626,1.025356438843068,0.974029519732579
sim-01,1762966535.2766542,1.0198791760921977,0.9709325582332724
sim-01,1762966535.335802,1.009840072551084,0.9571834026799834
sim-01,1762966535.4257917,0.9949371922258466,0.9468434310307962
sim-01,1762966535.484928,0.9868835463973816,0.9322428833766739
sim-01,1762966535.544511,0.9795958347284334,0.9280860031375044
sim-01,1762966535.6037905,0.9740508376077027,0.9222957240655428
sim-01,1762966535.6627965,0.9714706154865672,0.9214326976193602
sim-01,1762966535.7219756,0.9776225658355822,0.9320715547776135
sim-01,1762966535.7813175,0.9847526925697944,0.944391593433341
sim-01,1762966535.8405814,1.0064064640562203,0.957675967963971
sim-01,1762966535.8998353,1.0184754574377806,0.971580311786058
sim-01,1762966535.9591181,1.03260505404435,0.9821700582043272
sim-01,1762966536.018452,1.0286553510263394,0.9805612686936496
sim-01,1762966536.0776849,1.0301500391311296,0.9750956308432317
sim-01,1762966536.1371171,1.0135326697801343,0.9628718206878948
sim-01,1762966536.1966286,1.0102936951089838,0.9565250473335252
sim-01,1762966536.2558994,0.9962707685769041,0.9395769230691144
sim-01,1762966536.3151665,0.9901587483022352,0.9302725932855899
sim-01,1762966536.3742568,0.9787328357642484,0.9185536743268498
sim-01,1762966536.433482,0.9679378160611467,0.9168921676294548
sim-01,1762966538.5512328,1.0303396506295044,0.9720492595570377
sim-01,1762966538.6102922,1.0236918467768577,0.9655602190703512
sim-01,1762966538.6694336,1.0079232483808496,0.9527172429395563
sim-01,1762966538.728793,0.9988871417478264,0.9440533047285666
sim-01,1762966538.7881796,0.9917203312524459,0.9326784932784776
sim-01,1762966538.8475277,0.9807549059981373,0.932397678498961
sim-01,1762966538.906792,0.9702753060476403,0.9218152726035345
sim-01,1762966538.9661896,0.9683532199422483,0.9139743270975142
sim-01,1762966539.0253098,0.9618601451153748,0.9197014324399271
sim-01,1762966539.0845788,0.9734012106647084,0.9318361417842264
sim-01,1762966539.143984,0.9918868106210343,0.9508348869920665
sim-01,1762966539.203244,1.0098153009048125,0.9610820832946668
sim-01,1762966539.2623878,1.0233183822055913,0.9704628302689808
sim-01,1762966539.3219256,1.02983731505891,0.9755096067028245
sim-01,1762966539.3819187,1.0311205561883152,0.9790786864707097
sim-01,1762966539.4417484,1.0243963614089209,0.973435679172972
sim-01,1762966539.5012038,1.0192972534233267,0.964137728065798
sim-01,1762966539.560255,1.001546948983367,0.949845862043753
sim-01,1762966539.619551,0.9975762771361241,0.9409385859246785
sim-01,1762966539.6786764,0.9836535518999907,0.933092215553858
sim-01,1762966539.7381747,0.9757192024263341,0.926294039618357
sim-01,1762966539.7978852,0.9683087221993533,0.9275048765252717
sim-01,1762966539.8569784,0.9687620573255908,0.9226289531653914
sim-01,1762966539.9161508,0.9799789244047179,0.9378000599069668
sim-01,1762966539.9751582,0.9912399399183391,0.9475356256098008
sim-01,1762966540.0346372,1.0149126529754322,0.9624415494273402
sim-01,1762966540.0939512,1.025883537841389,0.9768149898638665
sim-01,1762966540.1531212,1.0313676080909382,0.9738285808172694
sim-01,1762966540.2124145,1.0298712311844274,0.9708436158933402
sim-01,1762966540.2716148,1.0230902922581564,0.9696311608859602
sim-01,1762966540.330717,1.0059177946094213,0.9527046441572738
sim-01,1762966540.3897297,0.9995875860458158,0.9405073407047829
sim-01,1762966540.449091,0.9925342163518769,0.9369362408434817
sim-01,1762966540.5085092,0.9792905077978518,0.9219228003049059
sim-01,1762966540.5674553,0.9663765136197007,0.9189937516498881
sim-01,1762966540.6268375,0.9576068704532366,0.9135120771840396
sim-01,1762966540.68632,0.9647013048992013,0.9192648932611873
sim-01,1762966540.745699,0.9665802217308139,0.9299511029679944
sim-01,1762966540.8049886,0.9778132532325244,0.9383217709474393
sim-01,1762966540.86489,1.003489388497801,0.9519882453959215
sim-01,1762966540.9240441,1.012608433900844,0.9638405801981128
sim-01,1762966540.9834158,1.0187529928627463,0.9760437428099429
sim-01,1762966541.042388,1.025558940366883,0.969166650930552
sim-01,1762966541.101676,1.0223944814439132,0.9600464815954335
sim-01,1762966541.1611843,1.0126493060752175,0.9529552336924235
sim-01,1762966541.2206476,0.9991696379516753,0.9502041906069725
sim-01,1762966541.279759,0.9916241953006351,0.9399769336672256
sim-01,1762966541.3387032,0.9837333976992422,0.9316045800234403
sim-01,1762966541.3981016,0.9747044517313934,0.9234056387762417
sim-01,1762966541.4571743,0.9688618849295613,0.9202670092516233
sim-01,1762966543.573473,1.0327603172730289,0.9709002128168817
sim-01,1762966543.6329532,1.0214494888702719,0.9632828894961274
sim-01,1762966543.6921566,1.009822217572117,0.9542051596263241
sim-01,1762966543.7512262,1.0003739936232172,0.9522017306815762
sim-01,1762966543.8107414,0.9972207545215837,0.9431954448981786
sim-01,1762966543.870062,0.9839648620776383,0.9290734839644064
sim-01,1762966543.9294546,0.9776830833907807,0.9237639529222241
sim-01,1762966543.9886682,0.9743640113843527,0.9279686387431759
sim-01,1762966544.0484717,0.9715336590988046,0.923730720102388
sim-01,1762966544.1074479,0.9849168983689089,0.9366646058125242
sim-01,1762966544.1668572,0.9970942852814958,0.9512265712775828
sim-01,1762966544.2261362,1.0116160126484437,0.9708881321201813
sim-01,1762966544.285428,1.027007514423287,0.9759668744708836
sim-01,1762966544.3447075,1.0257163480799032,0.9789867874026958
sim-01,1762966544.4044387,1.0237803712699678,0.9649937828104581
sim-01,1762966544.4639575,1.016359069791091,0.9587792049081135
sim-01,1762966544.523059,0.9988295138299953,0.9466449613529061
sim-01,1762966544.5823655,0.9924787558040226,0.9391497223066814
sim-01,1762966544.6414778,0.9847432698616918,0.9283826076027606
sim-01,1762966544.7006469,0.9769041381269481,0.9181713925113251
sim-01,1762966544.7598572,0.9629664062755123,0.9140682550828412
sim-01,1762966544.8192973,0.9554601924262849,0.9119297707470682
sim-01,1762966544.8785326,0.9611519303837247,0.9168032845201984
sim-01,1762966544.9379468,0.9689723830995677,0.9288062449701194
sim-01,1762966544.9975076,0.9948380133696519,0.9474146468489768
sim-01,1762966545.0569317,1.0074422013120732,0.9674113249048881
sim-01,1762966545.116334,1.026778637344058,0.97265653355175
sim-01,1762966545.175797,1.0300715464438641,0.9725848531694417
sim-01,1762966545.2348666,1.0296607259712331,0.9693707182272564
sim-01,1762966545.2938645,1.0156088798028073,0.9651027998121685
sim-01,1762966545.352955,1.0072859750690706,0.9546426647401618
sim-01,1762966545.4120584,1.003956073338948,0.9476201425455699
sim-01,1762966545.4712772,0.9964318385068179,0.9373352762880768
sim-01,1762966545.5306003,0.9875853710427724,0.9313198687787451
sim-01,1762966545.58974,0.9772508796770986,0.9294560214723548
sim-01,1762966545.6491287,0.9722582806754638,0.9265438371767681
sim-01,1762966545.708498,0.9754232485669493,0.9300654372546633
sim-01,1762966545.7675693,0.9934196186269061,0.9456519352200397
sim-01,1762966545.8265817,1.0035721048943207,0.9642016567623478
sim-01,1762966545.8855453,1.0265095091346195,0.9794490160815318
sim-01,1762966545.9749284,1.042761260720987,0.985535035401363
sim-01,1762966546.034081,1.03569125177154,0.9874586455571607
sim-01,1762966546.093341,1.0323169730619972,0.9777698478593595
sim-01,1762966546.1525238,1.0198866788788201,0.9669058272230034
sim-01,1762966546.2118497,1.013035786623096,0.9550076677840523
sim-01,1762966546.2712336,1.007211621281009,0.9483799369280341
sim-01,1762966546.330932,0.9960664320984157,0.9340370741536183
sim-01,1762966546.3901188,0.9846803395231507,0.9244747038624217
sim-01,1762966546.4494479,0.9767036874989069,0.9260414306246391
sim-01,1762966546.5089076,0.9673906751584871,0.9229890998813232
sim-01,1762966548.605658,1.0173287476453072,0.9570838152719793
sim-01,1762966548.66845,1.0075313133763941,0.9542066368795817
sim-01,1762966548.7431476,0.9922137250107035,0.9377786650088176
sim-01,1762966548.8021774,0.9783456898697909,0.9331802518309522
sim-01,1762966548.8611329,0.9703417372391521,0.9184073110377539
sim-01,1762966548.9205325,0.9619936837959046,0.9167300449226531
sim-01,1762966548.9799652,0.9646945155884943,0.9186265196768576
sim-01,1762966549.0391695,0.9612247225741022,0.923694354403909
sim-01,1762966549.0983157,0.972387895102358,0.9300372587956016
sim-01,1762966549.1576762,0.9907358177128777,0.9523813782915893
sim-01,1762966549.2170138,1.010237313115231,0.9609610431437975
sim-01,1762966549.2760456,1.026513611973735,0.9725426294914341
sim-01,1762966549.3353992,1.0364769830109832,0.980462931119088
sim-01,1762966549.3947701,1.029502129295876,0.9737073260191208
sim-01,1762966549.4537203,1.018823867779295,0.9707561468160568
sim-01,1762966549.5130088,1.017407742730291,0.9635802306701748
sim-01,1762966549.572401,1.008405572701692,0.9552448583956683
sim-01,1762966549.6315377,1.000974343835078,0.9413610621162866
sim-01,1762966549.6905484,0.9951109167150334,0.932721400795286
sim-01,1762966549.749583,0.9837831475738097,0.9276428237155501
sim-01,1762966549.8089097,0.9819815085910566,0.9292162422523917
sim-01,1762966549.8679156,0.981705152502863,0.9385366375324581
sim-01,1762966549.9272606,0.9857818619214216,0.9494555315756406
sim-01,1762966549.9867,1.0060825434272371,0.9651760419778963
sim-01,1762966550.0457697,1.02046328509022,0.9773935783186757
sim-01,1762966550.1050172,1.0354740629727985,0.983578318010414
sim-01,1762966550.164184,1.0375411880566845,0.984130809945482
sim-01,1762966550.2235894,1.0306857947531591,0.9797434731317255
sim-01,1762966550.282654,1.0257867452520315,0.9733375104554755
sim-01,1762966550.3417618,1.0134853689887102,0.9650972510957815
sim-01,1762966550.401065,1.0013083898734525,0.9505574324149195
sim-01,1762966550.4603562,0.9938687210461836,0.9382106648899009
sim-01,1762966550.5201364,0.9894521850636137,0.935584666233966
sim-01,1762966550.579086,0.9760051163955544,0.9201931426671363
sim-01,1762966550.6384025,0.9671871804123627,0.9189192509095722
sim-01,1762966550.6977344,0.965485862639833,0.9284257720181746
sim-01,1762966550.7569842,0.9769674950951288,0.9325617288659429
sim-01,1762966550.8160253,0.9944254640680749,0.9482565545355602
sim-01,1762966550.875077,1.0073786895458838,0.9607056963442147
sim-01,1762966550.9342368,1.0242579407538133,0.976237590407112
sim-01,1762966550.9935353,1.0321254731121503,0.9786825311172321
sim-01,1762966551.0528893,1.0235094428153573,0.9773462926800781
sim-01,1762966551.1118758,1.0179466124947458,0.9613882032853963
sim-01,1762966551.1712408,1.0149233656659074,0.951618072739784
sim-01,1762966551.2305973,0.9971445667106292,0.9506912397046704
sim-01,1762966551.2897677,0.9953706490252551,0.9405289064696388
sim-01,1762966551.3492026,0.9837786223246134,0.9343572859695841
sim-01,1762966551.4085696,0.9745231641828875,0.9252103067472874
sim-01,1762966551.467969,0.9673793281660609,0.9235446088961237
sim-01,1762966551.5270517,0.9755501379944538,0.929801089743937
sim-01,1762966553.6423702,1.0245551125069925,0.9716375347164262
sim-01,1762966553.701486,1.0143253964002696,0.9567270175483359
sim-01,1762966553.7607732,1.0053315503390452,0.9542213535670429
sim-01,1762966553.820151,0.9953136582217563,0.940491223917603
sim-01,1762966553.8793297,0.986016027630058,0.9357482724524337
sim-01,1762966553.9385781,0.9776074301911148,0.9351180068941093
sim-01,1762966553.9978156,0.9765463847777301,0.9282446318750828
sim-01,1762966554.0569758,0.9831638298024328,0.9370411741406324
sim-01,1762966554.11622,0.9904220852850156,0.9528814412133847
sim-01,1762966554.1754916,1.012141290957702,0.9660222265086655
sim-01,1762966554.2348099,1.0239722437911176,0.9754366161091291
sim-01,1762966554.294027,1.0312551972085027,0.983475715708019
sim-01,1762966554.3531384,1.0339064951763917,0.9858582441525167
sim-01,1762966554.4125488,1.0244375443570832,0.9730526246984761
sim-01,1762966554.4716055,1.0159729786853384,0.9629904939653646
sim-01,1762966554.530998,1.0107634493411446,0.9571625646343593
sim-01,1762966554.5901785,0.9943742017906625,0.948468395676603
sim-01,1762966554.6494696,0.9931609652103544,0.937903009572632
sim-01,1762966554.708495,0.982024706151849,0.9254192310330223
sim-01,1762966554.7678602,0.9745129016190159,0.9253185972524451
sim-01,1762966554.8270066,0.9661007946795637,0.9190624540795485
sim-01,1762966554.886109,0.9663888781687837,0.9267504410454473
sim-01,1762966554.9454033,0.983791652300541,0.9350989547304216
sim-01,1762966555.0047796,1.000801082511741,0.9525535709587519
sim-01,1762966555.0638852,1.019844545423223,0.9716889709836712
sim-01,1762966555.1230042,1.0242274202943196,0.9745538482899803
sim-01,1762966555.1826692,1.0317996753925627,0.9723234162871682
sim-01,1762966555.2416623,1.0301710085813327,0.9677324888443244
sim-01,1762966555.300833,1.0184364828764008,0.9597164478134682
sim-01,1762966555.3602676,1.0120145340947695,0.9546731541488377
sim-01,1762966555.4194527,0.9975510831868964,0.9459390582004019
sim-01,1762966555.4786096,0.9955876434491393,0.9422089423917148
sim-01,1762966555.5378852,0.9861964915845254,0.9254267599316365
sim-01,1762966555.5969417,0.9772180820569162,0.9258685461351837
sim-01,1762966555.6561084,0.9728181061713143,0.9209223727873477
sim-01,1762966555.7151346,0.9784101928107458,0.9330318193344674
sim-01,1762966555.774205,0.9834904563598876,0.9441792109846349
sim-01,1762966555.833607,1.0037617756925699,0.9616186716931137
sim-01,1762966555.8928857,1.0161706393098004,0.9708845532410776
sim-01,1762966555.952412,1.0302344788889397,0.9842094275407115
sim-01,1762966556.0117886,1.0278975050680086,0.9758806779944341
sim-01,1762966556.071172,1.0260331756337704,0.9764991662218865
sim-01,1762966556.13034,1.0230714282724005,0.9655019666843629
sim-01,1762966556.1896453,1.0084852451970712,0.9575631575244696
sim-01,1762966556.2491395,0.9978422027675817,0.9407796875229726
sim-01,1762966556.3081481,0.9825010082279498,0.9366186677914363
sim-01,1762966556.3675225,0.9787907926388225,0.921948508498532
sim-01,1762966556.4269583,0.9671166508300315,0.9154728061577148
sim-01,1762966556.4859574,0.9635582217506133,0.9201421072249734
sim-01,1762966556.5453632,0.9595587312890184,0.9223445846906463
sim-01,1762966558.6650317,1.0124861234608546,0.9581469192550736
sim-01,1762966558.724294,0.9971694498333628,0.9431707799473262
sim-01,1762966558.783579,0.9938838949289909,0.9411675107549
sim-01,1762966558.8427558,0.9833864017001613,0.9328656649579159
sim-01,1762966558.9019954,0.9708825511904662,0.927078610324016
sim-01,1762966558.9612732,0.9652400761315998,0.9217130324991615
sim-01,1762966559.0206883,0.9626234181050142,0.9193829835244293
sim-01,1762966559.0799608,0.9698635335503704,0.9298645785702409
sim-01,1762966559.1392076,0.9900893194673037,0.946345077249785
sim-01,1762966559.19831,1.0027114429811945,0.9636490621386411
sim-01,1762966559.2579877,1.022959091612025,0.9741285356915972
sim-01,1762966559.3171165,1.0261077113848553,0.9787872993233085
sim-01,1762966559.3765807,1.0335347972553939,0.9795761114261554
sim-01,1762966559.4356961,1.0223573521295362,0.9668827856578829
sim-01,1762966559.4949355,1.0141947388355985,0.9627564679449141
sim-01,1762966559.5540514,1.0104674219160779,0.9488559034371795
sim-01,1762966559.613401,0.9978064997795767,0.9402395602670209
sim-01,1762966559.6725972,0.9929496368792585,0.9372250271864662
sim-01,1762966559.7317007,0.9798821497472509,0.9320909607544929
sim-01,1762966559.7907968,0.9779263526881322,0.922919895666268
sim-01,1762966559.850167,0.9764980854191491,0.9219731486607209
sim-01,1762966559.909462,0.9802085503674056,0.9353120053182699
sim-01,1762966559.9687626,0.9926547645455212,0.9500027387363706
sim-01,1762966560.0285032,1.0135405172822776,0.9637387930703317
sim-01,1762966560.0877607,1.0187675909091531,0.9706056014649959
sim-01,1762966560.1469028,1.0330272792763566,0.9818560668266255
sim-01,1762966560.2059155,1.02755987627104,0.9795439579462323
sim-01,1762966560.2653215,1.0226050305277825,0.9629988245134743
sim-01,1762966560.324597,1.014706484424111,0.9606316770893123
sim-01,1762966560.3837132,0.9964782426678882,0.9425913127313882
sim-01,1762966560.4431255,0.9870129901612831,0.9369661852703197
sim-01,1762966560.5022151,0.9822361652122146,0.9246316910110992
sim-01,1762966560.5612772,0.9651736557508266,0.9203476238303816
sim-01,1762966560.620281,0.9607377975244658,0.9120827638043535
sim-01,1762966560.6796749,0.9583048683634035,0.9200182800898187
sim-01,1762966560.7385917,0.9699211924539515,0.9255372701376083
sim-01,1762966560.7975225,0.9804335386614158,0.9403222395475374
sim-01,1762966560.8567448,0.9957653056311465,0.951572061315037
sim-01,1762966560.9156766,1.0123214908364253,0.9636249286023373
sim-01,1762966560.9750712,1.024107552808382,0.967450990196162
sim-01,1762966561.034128,1.0267119626779202,0.9759208163561558
sim-01,1762966561.093051,1.0157026123482018,0.9675519706576718
sim-01,1762966561.1520367,1.0128043694341866,0.9530403261989581
sim-01,1762966561.2110505,1.0043119059008188,0.9454193305204692
sim-01,1762966561.270008,0.996174011036756,0.9439304469629334
sim-01,1762966561.3290136,0.9916620794109368,0.9377256465517615
sim-01,1762966561.388153,0.9771728833424723,0.9253827237161225
sim-01,1762966561.4471946,0.9732737804630188,0.9229490225620401
sim-01,1762966561.506542,0.9779067349642618,0.9275235595950242
sim-01,1762966561.565657,0.9805206595197319,0.9392587540120231
sim-01,1762966563.6751513,1.017379102233071,0.955363105844562
sim-01,1762966563.7342048,1.0029191501632249,0.9551056160554507
sim-01,1762966563.7937276,0.9929623689294546,0.9401520039907848
sim-01,1762966563.8528378,0.9890749136364028,0.9308133080512476
sim-01,1762966563.9118252,0.9741727652341645,0.9256001097440096
sim-01,1762966563.9710402,0.9689816385205896,0.9256032186707933
sim-01,1762966564.0301504,0.9713325650190379,0.9221511996390723
sim-01,1762966564.0895548,0.9766426987877437,0.9344571170468379
sim-01,1762966564.1488612,0.9900913405651153,0.9506002026679584
sim-01,1762966564.2078047,1.0142549189775132,0.9607863360020737
sim-01,1762966564.2672024,1.018973827546568,0.9747536220535763
sim-01,1762966564.3263223,1.0284203815320279,0.978610012928069
sim-01,1762966564.3855743,1.0219991799570216,0.9714885280672639
sim-01,1762966564.4445755,1.0125400979363,0.9582035824472871
sim-01,1762966564.5036461,1.0021389808532544,0.9465749812543813
sim-01,1762966564.5629,0.9959552919837971,0.9395897950664083
sim-01,1762966564.622519,0.9871504388931011,0.9308969068468443
sim-01,1762966564.6819353,0.9734554306338788,0.921929165750856
sim-01,1762966564.7411103,0.963279692253096,0.9166471419772371
sim-01,1762966564.8004942,0.964694310511787,0.9126678684180833
sim-01,1762966564.859557,0.9581044999802355,0.9135806352988964
sim-01,1762966564.9187984,0.9678652631288289,0.9247302825738279
sim-01,1762966564.9780047,0.9817998784146807,0.9450611020872992
sim-01,1762966565.0369222,1.0068642888798474,0.9592396643799409
sim-01,1762966565.0962698,1.0179708851186602,0.975123308849732
sim-01,1762966565.1553004,1.0289484288827164,0.9780718761308511
sim-01,1762966565.214482,1.031491088738273,0.970860810889605
sim-01,1762966565.273665,1.0230900298780825,0.9629444134954357
sim-01,1762966565.3331358,1.013639269855985,0.96106309693979
sim-01,1762966565.3923573,1.0048189760899233,0.9508540294571777
sim-01,1762966565.4516728,0.9995596730743572,0.9455568453369245
sim-01,1762966565.5107129,0.9922134492453443,0.934285593780774
sim-01,1762966565.5698059,0.9856696223022143,0.9278008453183243
sim-01,1762966565.628841,0.9734925702942778,0.9283641332511693
sim-01,1762966565.687827,0.9787212752229782,0.935895946078201
sim-01,1762966565.7471607,0.9882759485541697,0.9395854226133545
sim-01,1762966565.8065212,0.9980273481279776,0.9542895352027303
sim-01,1762966565.8658495,1.01904323977322,0.9687374059983777
sim-01,1762966565.9252563,1.0314331960953764,0.9844111361184692
sim-01,1762966565.984681,1.0371955722081783,0.9865092224535921
sim-01,1762966566.0437028,1.0361805691029038,0.9808983657770568
sim-01,1762966566.1028287,1.0329295360251498,0.9769653144028979
sim-01,1762966566.161781,1.0234259141197382,0.9620987323106682
sim-01,1762966566.2208633,1.012745557395478,0.9548203685476627
sim-01,1762966566.2799582,1.001885580510106,0.9473905785509676
sim-01,1762966566.339363,0.9921518574969553,0.9326321179672945
sim-01,1762966566.3983588,0.9820616092419229,0.9324818493393048
sim-01,1762966566.457349,0.976639583829452,0.9224458555977035
sim-01,1762966566.516602,0.9687580129848505,0.9248522280606399
sim-01,1762966566.575857,0.9750584242147247,0.9344919380302936
sim-01,1762966568.722689,0.9959791937025642,0.9381716679955227
sim-01,1762966568.7820039,0.9815801082547866,0.9322666634846205
sim-01,1762966568.8413532,0.9745741630507463,0.9197186233634633
sim-01,1762966568.9012322,0.968086734365689,0.9189324610310542
sim-01,1762966568.9602752,0.9623214982879695,0.9127931789972707
sim-01,1762966569.0197043,0.9628291673978875,0.9134525644389262
sim-01,1762966569.0789392,0.9669631616561544,0.9281912274240395
sim-01,1762966569.138335,0.9823163017809874,0.9477597936588591
sim-01,1762966569.1973817,1.0053397182511914,0.9576498099983696
sim-01,1762966569.25647,1.019479764930584,0.978595070762448
sim-01,1762966569.3158708,1.0279432659313248,0.9806445994698575
sim-01,1762966569.3750517,1.0280628849686533,0.9759201717206051
sim-01,1762966569.4340775,1.0259847216415152,0.9741518035136142
sim-01,1762966569.4931228,1.0194780941196198,0.9629050766822428
sim-01,1762966569.552527,1.0119864420609255,0.951571959248483
sim-01,1762966569.6117866,0.9994449037324351,0.9483173382619626
sim-01,1762966569.6710656,0.9937999056697003,0.9377143812369895
sim-01,1762966569.7303178,0.9827820263670006,0.937539544169938
sim-01,1762966569.7898364,0.9762976119496671,0.9344809282636851
sim-01,1762966569.8492239,0.9822702143428448,0.9294445853565801
sim-01,1762966569.9083402,0.9856254200284054,0.9431718873051378
sim-01,1762966569.967458,1.000037964053183,0.9529975827196241
sim-01,1762966570.0266953,1.0153958013036142,0.9709629673612263
sim-01,1762966570.0857186,1.034899624036037,0.9869639256337888
sim-01,1762966570.1447055,1.0420853689334113,0.985344983512555
sim-01,1762966570.2040875,1.0383799233858373,0.9800326890188915
sim-01,1762966570.2630696,1.0280534095184344,0.9751678399658541
sim-01,1762966570.322117,1.0147443611104352,0.9616060956985085
sim-01,1762966570.3813505,1.0129378992994107,0.9583849835334607
sim-01,1762966570.4405932,0.9949481996380597,0.9480696430219478
sim-01,1762966570.4996119,0.9854475532865894,0.9304740338157325
sim-01,1762966570.5587506,0.9750968218513737,0.9283012660910944
sim-01,1762966570.6180875,0.9675245041792138,0.9237765375342873
sim-01,1762966570.677285,0.9708443999455959,0.921944772008593
sim-01,1762966570.736386,0.9768421757556773,0.927955386417118
sim-01,1762966570.7955904,0.9856170185910184,0.9452651847878468
sim-01,1762966570.854802,1.0032464242247008,0.9631061355912179
sim-01,1762966570.9137676,1.0144257201649365,0.9697861071040395
sim-01,1762966570.9728024,1.0223164624933714,0.9732926053199294
sim-01,1762966571.032213,1.023813894628612,0.9740392630801088
sim-01,1762966571.091471,1.0191022304725665,0.969111815641303
sim-01,1762966571.1508687,1.0185228473438275,0.95789758278786
sim-01,1762966571.2100172,1.0042943086475065,0.9493508693413891
sim-01,1762966571.2691827,0.9971714958702277,0.9422288672544142
sim-01,1762966571.3287785,0.9863592755139866,0.9293680579569886
sim-01,1762966571.3881316,0.9757655739995114,0.9230404840907447
sim-01,1762966571.4481668,0.9756465028235193,0.9237388026169332
sim-01,1762966571.507561,0.9699040651638597,0.9197784332168909
sim-01,1762966571.566933,0.9749858205981142,0.9377786443307766
sim-01,1762966571.6263158,0.986611456732024,0.9495391839192339
sim-01,1762966573.7537026,1.007456002701042,0.948340961257239
sim-01,1762966573.8129067,1.0005859828826318,0.9407787643801245
sim-01,1762966573.872221,0.9947324610003367,0.9409471564226489
sim-01,1762966573.931705,0.9774487333397603,0.9282570163903967
sim-01,1762966573.990753,0.9778223254938584,0.9252721516425897
sim-01,1762966574.0499747,0.9830832903800633,0.9337516883624921
sim-01,1762966574.1091607,0.9962771862831169,0.9532141202208338
sim-01,1762966574.1685576,1.0035919154898696,0.9674291084376296
sim-01,1762966574.2278142,1.0249824687098863,0.9792272451542943
sim-01,1762966574.287179,1.0377768793745519,0.9804065441633337
sim-01,1762966574.3463268,1.0375154039264196,0.9830182007690447
sim-01,1762966574.4055212,1.0264384725949622,0.977423182341207
sim-01,1762966574.4647448,1.0208588504648797,0.9665094129342616
sim-01,1762966574.5240996,1.0093937957029075,0.9575651482075301
sim-01,1762966574.5831823,1.0041968205911747,0.9409620285218349
sim-01,1762966574.6426148,0.9917074699273897,0.9405796827659357
sim-01,1762966574.702055,0.9842110564332629,0.9265428776281436
sim-01,1762966574.7614574,0.9706605527899765,0.9248748176087013
sim-01,1762966574.820743,0.9704705353808092,0.9178545372501381
sim-01,1762966574.8800805,0.9687915705447181,0.9295407481193038
sim-01,1762966574.939224,0.9823319000082034,0.9415067044356705
sim-01,1762966574.9987931,0.9985412261071226,0.9552597861394694
sim-01,1762966575.0581317,1.0162423636912856,0.9719346536544673
sim-01,1762966575.1173472,1.0228282996554239,0.9776377202332183
sim-01,1762966575.1765926,1.0306965049749228,0.9728282281688421
sim-01,1762966575.236267,1.02809228926965,0.9755089800805165
sim-01,1762966575.2958236,1.0201246554493841,0.9619845244928525
sim-01,1762966575.3549306,1.0092114449688767,0.9551414483144032
sim-01,1762966575.4140701,1.003343875263538,0.9480958248152038
sim-01,1762966575.4733007,0.9911184998329668,0.9397688409338386
sim-01,1762966575.5323448,0.984595671144295,0.9325924818571503
sim-01,1762966575.5914724,0.9809043051357297,0.9249787455821983
sim-01,1762966575.6505892,0.971180879116855,0.9240403551860754
sim-01,1762966575.7097464,0.9726915541339884,0.9312347333664062
sim-01,1762966575.7692726,0.9833748823205376,0.9400804051460203
sim-01,1762966575.8283525,1.000649103582604,0.9538814713976616
sim-01,1762966575.8875074,1.0143954071687529,0.9708018476997534
sim-01,1762966575.9467638,1.0244835394518572,0.9808844401409951
sim-01,1762966576.0059683,1.0340266535558371,0.9846514316392957
sim-01,1762966576.0653462,1.0246919622942041,0.9741099262774785
sim-01,1762966576.124545,1.0183557885813692,0.960815978953325
sim-01,1762966576.1839414,1.0043933683293658,0.9530509451959805
sim-01,1762966576.2432728,0.9976869552998375,0.9407635565926118
sim-01,1762966576.3024526,0.9856080769736837,0.9378010999628253
sim-01,1762966576.3615348,0.9806001809169272,0.9261924703029516
sim-01,1762966576.420507,0.9718747731676946,0.9202674988600951
sim-01,1762966576.4795685,0.9583561906542271,0.9191145479576666
sim-01,1762966576.5389485,0.9659771468103191,0.9151460387958557
sim-01,1762966576.5983796,0.9689253011675588,0.9260688722739013
sim-01,1762966576.6573935,0.9840262245488939,0.9449087192073877
sim-01,1762966578.7469819,0.9976380644556851,0.9390439717900695
sim-01,1762966578.806039,0.9906984461376372,0.9325527269339331
sim-01,1762966578.8653057,0.9792902345505856,0.9282987403242058
sim-01,1762966578.9246867,0.9708999845151212,0.9220600280977312
sim-01,1762966578.9841025,0.962184689348129,0.9155235661219863
sim-01,1762966579.0432353,0.9642769727297273,0.9225036423791314
sim-01,1762966579.1026447,0.9761399771868436,0.9409630814611465
sim-01,1762966579.161942,0.9963405720689068,0.9503820645996071
sim-01,1762966579.2214248,1.0185101140467525,0.9715132153321575
sim-01,1762966579.280445,1.0283871979719017,0.981304480350253
sim-01,1762966579.3403687,1.0307642415772784,0.9822260302003403
sim-01,1762966579.3996294,1.0246297373840207,0.973342786930491
sim-01,1762966579.458922,1.0212216431535215,0.9682780048269078
sim-01,1762966579.5180302,1.010233887515238,0.9599423466350225
sim-01,1762966579.5772152,1.0042286534476066,0.9501128257398362
sim-01,1762966579.6368115,0.9908871499854252,0.9440193368327088
sim-01,1762966579.6958754,0.9847550296706853,0.9368044571408556
sim-01,1762966579.754991,0.9790635158269942,0.9231225661896054
sim-01,1762966579.8141134,0.9766980163851945,0.9204161721617425
sim-01,1762966579.873335,0.9740713319656508,0.924982881947914
sim-01,1762966579.9324813,0.9804988934578929,0.942410879785647
sim-01,1762966579.9917803,0.9977205139785904,0.960274023106508
sim-01,1762966580.0508008,1.0106987705916755,0.9647798758787856
sim-01,1762966580.1101782,1.0244532001301125,0.9771250616998165
sim-01,1762966580.1693184,1.0253954221587605,0.9811626048216262
sim-01,1762966580.2289724,1.0236441639493905,0.9731225696484153
sim-01,1762966580.2883105,1.0186655184537436,0.9633437580247608
sim-01,1762966580.347423,1.0012249524534254,0.9474220050494604
sim-01,1762966580.406372,0.9970405818482345,0.9397863185986628
sim-01,1762966580.46592,0.990325841023481,0.932549873208075
sim-01,1762966580.5253346,0.9771937812717197,0.9211150910710487
sim-01,1762966580.5847027,0.9622325197358487,0.9120239501893558
sim-01,1762966580.6445224,0.9625013013898766,0.9164781189625333
sim-01,1762966580.7038517,0.9570877985496917,0.9159651045333305
sim-01,1762966580.7632148,0.9759171318266173,0.9259717721017879
sim-01,1762966580.822531,0.9854033557579355,0.941240531913256
sim-01,1762966580.8818293,1.0060919393350634,0.9556500600629407
sim-01,1762966580.9408693,1.0166673791755911,0.9676324941468707
sim-01,1762966581.000187,1.0273999701592158,0.9742193840964476
sim-01,1762966581.0592537,1.0207590501493693,0.9694519959048287
sim-01,1762966581.119062,1.0104040563877608,0.95721062541147
sim-01,1762966581.178472,1.0081727191140448,0.9546467369182583
sim-01,1762966581.2378476,0.9980995092878829,0.9431526231401711
sim-01,1762966581.2972255,0.989799676916664,0.9410785962447212
sim-01,1762966581.3563032,0.9845746933252068,0.9350677223505288
sim-01,1762966581.4188852,0.9725667459649785,0.9234525211516088
sim-01,1762966581.4822338,0.9741978856716379,0.9282721287663243
sim-01,1762966581.547053,0.9760059880185961,0.936457365119666
sim-01,1762966581.6062822,0.9847556968764388,0.9481224354278439
sim-01,1762966581.6655834,1.00603566016694,0.9617434194328094
sim-01,1762966583.7913077,0.9965011463464764,0.9389590054967668
sim-01,1762966583.850375,0.9880420805060293,0.9302089202650342
sim-01,1762966583.9098449,0.9745954705048182,0.9260339380652943
sim-01,1762966583.9691944,0.9689135322640604,0.9194760044460786
sim-01,1762966584.0283601,0.9732333336600187,0.9226838215123204
sim-01,1762966584.0876212,0.9776120163277343,0.9311610869198
sim-01,1762966584.146956,0.9895484811748348,0.9527784276878593
sim-01,1762966584.2059193,1.011335477456766,0.9656664991599376
sim-01,1762966584.2651632,1.0243708234715323,0.9749916852313066
sim-01,1762966584.3246171,1.0252683499149138,0.9771483102842257
sim-01,1762966584.3837788,1.0257046225126596,0.9687972159744371
sim-01,1762966584.4428542,1.0169437516812294,0.9635000415114179
sim-01,1762966584.502064,1.0050510552615584,0.951531401557553
sim-01,1762966584.5612278,0.9932078969034459,0.9373138030764498
sim-01,1762966584.6205194,0.9836484223364296,0.9297279289821176
sim-01,1762966584.67967,0.9786105054017894,0.9246346256960633
sim-01,1762966584.738706,0.9623684072437404,0.9117417139833136
sim-01,1762966584.7980042,0.9573239350918891,0.9153896806017457
sim-01,1762966584.8573253,0.96038104616092,0.9186383645821611
sim-01,1762966584.9165099,0.9717742335461332,0.9248912942341107
sim-01,1762966584.9757388,0.9829877427641432,0.940519412151488
sim-01,1762966585.0351975,1.004593291659208,0.9552319237951075
sim-01,1762966585.0944512,1.0161481672132662,0.9734689211646076
sim-01,1762966585.1538758,1.027011647954057,0.9717838456592137
sim-01,1762966585.213075,1.0298603863217484,0.9699156256258068
sim-01,1762966585.2721162,1.021782708460522,0.9694918362249153
sim-01,1762966585.3315465,1.0103144126561916,0.9621396087031505
sim-01,1762966585.3908668,1.0005247322081563,0.94894455115873
sim-01,1762966585.4503143,0.9945449587534031,0.9436795345584683
sim-01,1762966585.5095403,0.9943372819572224,0.9346332297847598
sim-01,1762966585.5689533,0.9855717557641192,0.9252778146957105
sim-01,1762966585.628129,0.9766181072218019,0.9281154580336609
sim-01,1762966585.6871452,0.9746254951550747,0.9308054569295973
sim-01,1762966585.7461724,0.9841097922068172,0.9414015740724827
sim-01,1762966585.8054247,0.9957203381089715,0.9538761078303591
sim-01,1762966585.8648477,1.0217202347202465,0.9764980129642918
sim-01,1762966585.9241629,1.0320652064649514,0.9844078412551778
sim-01,1762966585.9834566,1.041772799686458,0.9830133655226407
sim-01,1762966586.0427582,1.042190734817749,0.9839068474354745
sim-01,1762966586.1020916,1.0302875116877332,0.9771402699362054
sim-01,1762966586.1613157,1.021701223572781,0.9678012216505885
sim-01,1762966586.2205167,1.0151960753150022,0.9546112962102813
sim-01,1762966586.279746,1.0008367587884954,0.9420391977191275
sim-01,1762966586.3389137,0.9889111384616704,0.9342053971788531
sim-01,1762966586.3980985,0.9797182426423459,0.9323180681998039
sim-01,1762966586.457007,0.9727699270958482,0.924671133651198
sim-01,1762966586.5164213,0.9659895590237302,0.9267224751539729
sim-01,1762966586.5755553,0.9808428410415564,0.9298284625305828
sim-01,1762966586.6348324,0.9924316005672036,0.9422679972861304
sim-01,1762966586.6938896,1.0107251036810416,0.9605410076843329
sim-01,1762966588.800017,0.9856128030586625,0.9295556840246156
sim-01,1762966588.8591456,0.9746609307966191,0.9218908067513262
sim-01,1762966588.918511,0.9632159965095234,0.9167097217074227
sim-01,1762966588.9778633,0.9644716449398618,0.9102606842933413
sim-01,1762966589.0371976,0.9644373660153411,0.9229732252815125
sim-01,1762966589.0965836,0.972665504813378,0.933999382317384
sim-01,1762966589.155757,0.9902045242482521,0.9484725268675107
sim-01,1762966589.215154,1.0097998575046807,0.9681949946779835
sim-01,1762966589.2746544,1.0297931415906545,0.9784918058290386
sim-01,1762966589.3341098,1.033481168925817,0.9824841026062867
sim-01,1762966589.3931887,1.0331831137496537,0.980236556057098
sim-01,1762966589.4523659,1.023074225997176,0.9709170311940495
sim-01,1762966589.5117595,1.0117871403618688,0.9598107783752312
sim-01,1762966589.5711753,1.0061211705495186,0.9543555136231516
sim-01,1762966589.6301703,1.0024428982199811,0.9454235610037751
sim-01,1762966589.6894436,0.9935350087770862,0.9342288694332938
sim-01,1762966589.7489185,0.9817727768055797,0.9331236116728269
sim-01,1762966589.8083043,0.9802551252851082,0.9273168914806912
sim-01,1762966589.86762,0.9826775790685314,0.9300631497375419
sim-01,1762966589.926819,0.9849455748979548,0.9471684648597816
sim-01,1762966589.9859507,1.008077828257355,0.960068161530866
sim-01,1762966590.0452816,1.0189273881464576,0.9712333011891212
sim-01,1762966590.1044238,1.0378569623019547,0.9812963881446407
sim-01,1762966590.1636927,1.0426136824942864,0.9866441059925956
sim-01,1762966590.2231178,1.0321780133938216,0.9761096559854857
sim-01,1762966590.2824361,1.0255522536895143,0.9675116744679281
sim-01,1762966590.3415415,1.0153802474864455,0.963806651493047
sim-01,1762966590.400985,1.0105639773830382,0.9499735992927409
sim-01,1762966590.4600077,0.9969347693717311,0.9385083791351333
sim-01,1762966590.5193367,0.9840839637053406,0.9268848189264257
sim-01,1762966590.578657,0.9731063627639996,0.9250905209900071
sim-01,1762966590.6379173,0.9652412670113991,0.9242004876205552
sim-01,1762966590.6972091,0.9636357481179455,0.9264828575384566
sim-01,1762966590.756311,0.9736311315567484,0.9377760857502143
sim-01,1762966590.8158157,0.9956408653356592,0.9509731773006154
sim-01,1762966590.875035,1.0072638178419082,0.9609335989995872
sim-01,1762966590.9343045,1.0206470288339835,0.977779512673411
sim-01,1762966590.9936786,1.0319247103968696,0.9802967092054871
sim-01,1762966591.05302,1.021755414738979,0.9693048399306121
sim-01,1762966591.1123445,1.0179709292924946,0.968221353072973
sim-01,1762966591.1716506,1.0083429568923468,0.9582822999965344
sim-01,1762966591.2310293,1.005339797908478,0.947548283977592
sim-01,1762966591.290314,0.9964696211543116,0.9418080950358487
sim-01,1762966591.3495588,0.9878516094553934,0.9310396336911078
sim-01,1762966591.4088252,0.9776879402624494,0.9232304200962408
sim-01,1762966591.4681532,0.966693425249226,0.9275061312807868
sim-01,1762966591.52741,0.9677990682003904,0.9316127702456994
sim-01,1762966591.5867484,0.9797202659871797,0.9358509532126434
sim-01,1762966591.6460083,0.9945278156673607,0.9504904853245969
sim-01,1762966591.705392,1.0125086759784567,0.9694608140038066
sim-01,1762966593.822095,0.9950884361395829,0.9424510132282042
sim-01,1762966593.8813035,0.9882875335510561,0.9328092767312994
sim-01,1762966593.9406712,0.9803729638809641,0.9309823970039612
sim-01,1762966593.9997544,0.9782518791207618,0.9269094013874322
sim-01,1762966594.0587637,0.9769428120726057,0.9362488513447486
sim-01,1762966594.1179824,0.9944688812897298,0.9471113808206257
sim-01,1762966594.1769898,1.0104308203265797,0.9627617498146708
sim-01,1762966594.236221,1.029718512691828,0.9796471289099107
sim-01,1762966594.296001,1.0342370962016163,0.988003102887129
sim-01,1762966594.3557553,1.0320076064167787,0.9774334315398014
sim-01,1762966594.415488,1.0244235636633094,0.977561567954987
sim-01,1762966594.474853,1.0201970340143358,0.9624888386031603
sim-01,1762966594.5338702,1.0047448140048745,0.9495590167696764
sim-01,1762966594.5929673,0.9947793522396859,0.9486021199534003
sim-01,1762966594.6527286,0.9891123192239317,0.9311323118690833
sim-01,1762966594.7120821,0.9786104874679468,0.9251956259144116
sim-01,1762966594.7713418,0.9659543628905498,0.918772560198889
sim-01,1762966594.8308866,0.963459238173432,0.921226818888133
sim-01,1762966594.8899176,0.9700869618446519,0.9243780341843143
sim-01,1762966594.9497175,0.984978800952731,0.9393356031181119
sim-01,1762966595.0087645,0.998590323086741,0.9606904395461858
sim-01,1762966595.0681026,1.0186823525861257,0.9659740100101214
sim-01,1762966595.1274426,1.029638620711155,0.9813686107476337
sim-01,1762966595.187217,1.0279316181863032,0.9736900391375358
sim-01,1762966595.2465508,1.0207987877672573,0.968399746082426
sim-01,1762966595.3060043,1.0158888296333275,0.965107897853438
sim-01,1762966595.3656142,1.0076875306465125,0.9487991690778651
sim-01,1762966595.4251485,0.998251288733118,0.9428683085776924
sim-01,1762966595.4848075,0.9921548569573433,0.9401206050613343
sim-01,1762966595.544216,0.9803564035746198,0.9309654151085485
sim-01,1762966595.6032374,0.9743390699857235,0.9233431647341049
sim-01,1762966595.6625743,0.9728888657010709,0.9214226699805598
sim-01,1762966595.7219355,0.9740038832988945,0.9365159985810205
sim-01,1762966595.7812757,0.9851016156852588,0.9488533094491765
sim-01,1762966595.8405612,1.0006635873100491,0.9561634815309227
sim-01,1762966595.9000862,1.0249704466929312,0.9764485327841349
sim-01,1762966595.9598365,1.0287872508749303,0.9831103114881775
sim-01,1762966596.01926,1.0342970630221842,0.9830256135016657
sim-01,1762966596.0786994,1.0275323053058867,0.9760364877919813
sim-01,1762966596.1385643,1.0164710253383067,0.9573536323931665
sim-01,1762966596.197906,1.0099087432791816,0.9562929935847061
sim-01,1762966596.257046,0.9947731977379098,0.9401647242001383
sim-01,1762966596.3161712,0.9865721599736562,0.9368015870803488
sim-01,1762966596.3754156,0.9746161828796306,0.9182256708427333
sim-01,1762966596.434687,0.9661621865342694,0.9128657696897422
sim-01,1762966596.4940891,0.9656683567924427,0.917658928664988
sim-01,1762966596.5534227,0.9602292510964939,0.9242914818929597
sim-01,1762966596.6128547,0.9716279396121005,0.937425617255833
sim-01,1762966596.6719966,0.9930795328758681,0.9505593963873701
sim-01,1762966596.7312129,1.0065341167612893,0.958152578719387
sim-01,1762966598.810747,0.9852640043975671,0.9329528969469154
sim-01,1762966598.869989,0.9765441623080545,0.9209603803016713
sim-01,1762966598.9291763,0.9663313330441806,0.922918593519493
sim-01,1762966598.988965,0.9606982201809605,0.9158230200228377
sim-01,1762966599.0483117,0.9650076990686673,0.9211243501845668
sim-01,1762966599.1079004,0.9768739017082143,0.9352739288139204
sim-01,1762966599.1670215,0.9957664890013304,0.9510633463345214
sim-01,1762966599.2264664,1.010703634047553,0.9644945900068125
sim-01,1762966599.2857437,1.02642550742799,0.9816093689219856
sim-01,1762966599.3449032,1.0327845057470846,0.9815958428895465
sim-01,1762966599.4040105,1.0323700727130523,0.9728052827817796
sim-01,1762966599.4635234,1.0186539772226764,0.9699725693009034
sim-01,1762966599.522961,1.0077597633740354,0.954615290204173
sim-01,1762966599.582392,1.005943952299859,0.9499000360601955
sim-01,1762966599.6415732,0.9952978953173734,0.9399811530706249
sim-01,1762966599.7006364,0.9862776399312678,0.92907765481563
sim-01,1762966599.7598574,0.9773038895709927,0.924591907601277
sim-01,1762966599.8191106,0.9670755357363898,0.9288642905811555
sim-01,1762966599.8786192,0.9707351621760866,0.9289864210862466
sim-01,1762966599.9379158,0.9815059883190911,0.9447605613688068
sim-01,1762966599.9977746,0.9960201376159445,0.9526983439826352
sim-01,1762966600.0570853,1.0128758307487409,0.9749916625021623
sim-01,1762966600.1167464,1.0299393915243757,0.9823295923923251
sim-01,1762966600.1763144,1.0295541673053576,0.9782204207404783
sim-01,1762966600.235581,1.0291492889431992,0.9752537704124933
sim-01,1762966600.2949085,1.0140478483355861,0.9616896688703012
sim-01,1762966600.3542974,1.007323533713685,0.9489606180285366
sim-01,1762966600.413454,0.9923322666056218,0.9406608333226038
sim-01,1762966600.4727056,0.984289208054416,0.9356432766226829
sim-01,1762966600.5320969,0.9734347832210962,0.9264334302603375
sim-01,1762966600.5913906,0.9619008010822394,0.9144290818593362
sim-01,1762966600.650803,0.9596565439019669,0.9160671586088456
sim-01,1762966600.7101364,0.962673073386709,0.917040426065328
sim-01,1762966600.769426,0.9764537616168856,0.9292241030530378
sim-01,1762966600.8288765,0.993191292002936,0.9517846844926493
sim-01,1762966600.8883348,1.0048197944206687,0.9661378911575065
sim-01,1762966600.9476235,1.0154664755036393,0.9756157405606493
sim-01,1762966601.006899,1.0246802501956191,0.9676333374866558
sim-01,1762966601.0662162,1.0252837543582785,0.965073098827888
sim-01,1762966601.125479,1.0189475455356258,0.9646234538672508
sim-01,1762966601.1846912,1.0100095933060829,0.9556548570466823
sim-01,1762966601.24386,0.9941305953949515,0.9467757949993166
sim-01,1762966601.3034215,0.9918885064140828,0.9419119479504261
sim-01,1762966601.3624845,0.9800101898692594,0.933311763824054
sim-01,1762966601.4218342,0.9765397763980588,0.9284746052356798
sim-01,1762966601.481178,0.968506404545744,0.9223950680226198
sim-01,1762966601.5402417,0.9712943332653162,0.9283229259461412
sim-01,1762966601.599626,0.9906249066481574,0.9399528791841731
sim-01,1762966601.658733,1.0092071791473265,0.9656234167505748
sim-01,1762966601.7180665,1.022111696747972,0.9757252054670192
sim-01,1762966603.8438363,0.9892384578032688,0.9378898181524199
sim-01,1762966603.9030643,0.9760893792984958,0.9273151693600616
sim-01,1762966603.9623363,0.9711967431957826,0.9278809731175828
sim-01,1762966604.0218382,0.9735333628136533,0.9218681086695584
sim-01,1762966604.0814364,0.9804216775830242,0.9296801166249576
sim-01,1762966604.1403625,0.9953037418258186,0.9448354556012523
sim-01,1762966604.1993797,1.0051389797330372,0.9624188199803551
sim-01,1762966604.2586641,1.0244049920772886,0.969860663889021
sim-01,1762966604.3179538,1.0238489942269138,0.9758395208426407
sim-01,1762966604.3774717,1.027077001539914,0.9725239546042704
sim-01,1762966604.436514,1.0215776986511609,0.9615709800763899
sim-01,1762966604.495534,1.004212369244094,0.956097108452911
sim-01,1762966604.5545156,0.997859947492674,0.9453359369088759
sim-01,1762966604.6140757,0.985718715044567,0.9284300485977742
sim-01,1762966604.6734183,0.9747091720003452,0.9196726862248383
sim-01,1762966604.7327774,0.9687559458201879,0.9152650019729064
sim-01,1762966604.7922096,0.9644390888958663,0.9131596727241348
sim-01,1762966604.8516324,0.9619246751493626,0.9193166319328597
sim-01,1762966604.9108357,0.9672877522638178,0.929407638346199
sim-01,1762966604.9701316,0.9849577479002767,0.9396311191992353
sim-01,1762966605.0294814,1.001525459525113,0.956562460559743
sim-01,1762966605.0888524,1.016559908285386,0.9701556738169642
sim-01,1762966605.148227,1.0255762978237997,0.9760055369772508
sim-01,1762966605.2079446,1.0287585870625502,0.9736895015664613
sim-01,1762966605.2678437,1.0263302620789871,0.9660706658344512
sim-01,1762966605.3272102,1.0105058613198066,0.9579744938937321
sim-01,1762966605.387166,1.0022449250254986,0.9532249097298283
sim-01,1762966605.446251,0.994389365684635,0.9480525904730821
sim-01,1762966605.505699,0.989052719133029,0.938108670620706
sim-01,1762966605.565158,0.9855924894747257,0.9290379333847549
sim-01,1762966605.6242688,0.9797892541961926,0.9256319402512654
sim-01,1762966605.6837003,0.9763557558662012,0.9299841547130435
sim-01,1762966605.742851,0.9816726788785513,0.9441463251620548
sim-01,1762966605.801852,0.9950457986724152,0.9590196990209192
sim-01,1762966605.8612933,1.0205878999368068,0.9720038379613706
sim-01,1762966605.9204779,1.0274568331284908,0.9821618815097781
sim-01,1762966605.9797213,1.0351792639013773,0.9856723910760905
sim-01,1762966606.0389788,1.0413220627090825,0.9895775806078069
sim-01,1762966606.098155,1.0273916071284697,0.9769405623614458
sim-01,1762966606.1574888,1.0223254546197869,0.9618509935207826
sim-01,1762966606.2165122,1.0124744183399246,0.9565977662216036
sim-01,1762966606.275489,1.0005325802867364,0.9464608862897765
sim-01,1762966606.3345144,0.9951622670260208,0.9379084321356799
sim-01,1762966606.3937652,0.984565842335757,0.9285132439570224
sim-01,1762966606.4528222,0.9731722279317854,0.9259753438517238
sim-01,1762966606.512112,0.9663322634419148,0.9254961281408761
sim-01,1762966606.571305,0.9705904101882402,0.9336009403782817
sim-01,1762966606.6302445,0.9870444311747434,0.9482015370969635
sim-01,1762966606.6900778,1.0043837929903807,0.9583030847031739
sim-01,1762966606.7493274,1.0195250003021428,0.971950562698949
sim-01,1762966608.8606255,0.9733391832880645,0.9239103625115895
sim-01,1762966608.9196372,0.9658963638830308,0.9200314078016855
sim-01,1762966608.9786558,0.9578998807664597,0.9119882202231067
sim-01,1762966609.0379052,0.9592294736406658,0.9161798067391022
sim-01,1762966609.0969756,0.9779153569196131,0.9309724234589045
sim-01,1762966609.1561549,0.9896574322015734,0.9451985973265347
sim-01,1762966609.215493,1.0147086744570954,0.9607628709626811
sim-01,1762966609.2746809,1.0291615383499764,0.9788030364178013
sim-01,1762966609.3337946,1.0309253391407132,0.9824838904534069
sim-01,1762966609.3933015,1.0263452427251754,0.9781277200866259
sim-01,1762966609.4523036,1.0209070735314802,0.9703114967078312
sim-01,1762966609.5114229,1.0193831626737702,0.9647899097407588
sim-01,1762966609.570594,1.0107204658747828,0.9483462630370216
sim-01,1762966609.6298597,1.0036297029943213,0.9477763089811501
sim-01,1762966609.6890526,0.992710394966471,0.9414070368316635
sim-01,1762966609.7488215,0.9808495259833063,0.9325673576241643
sim-01,1762966609.8078525,0.9763799271764363,0.9303076675284772
sim-01,1762966609.867105,0.9801459728672756,0.9300622612184458
sim-01,1762966609.9263616,0.9916838870737581,0.9479039064483181
sim-01,1762966609.9857159,1.0020135360278584,0.9570186576862416
sim-01,1762966610.0447803,1.0190612424166923,0.9720240993657037
sim-01,1762966610.104054,1.0317702920534053,0.9859968575965679
sim-01,1762966610.1636224,1.0375221933320924,0.9824381894533208
sim-01,1762966610.2228563,1.0360575887366996,0.9816783985414334
sim-01,1762966610.2821956,1.025044103118951,0.9733929471295151
sim-01,1762966610.341215,1.015825443748708,0.9654267511082598
sim-01,1762966610.4006634,1.0074473340932097,0.9517962381553071
sim-01,1762966610.4600983,0.9997989550210978,0.9377677968830771
sim-01,1762966610.5194032,0.9858489556858626,0.9303667885028775
sim-01,1762966610.5785246,0.9714618305482179,0.9266327202916055
sim-01,1762966610.6376092,0.9639893830586328,0.924173656450149
sim-01,1762966610.696957,0.969240339628066,0.9287650063733995
sim-01,1762966610.75592,0.9749584297310043,0.9321598053516831
sim-01,1762966610.8152747,0.9941157835838896,0.9472724751554931
sim-01,1762966610.8744864,1.006360498363687,0.968732826555454
sim-01,1762966610.9343495,1.0248245211961657,0.9789713932922502
sim-01,1762966610.9933796,1.0265574366246655,0.9814989374095776
sim-01,1762966611.052778,1.0300863067436015,0.9725742400850391
sim-01,1762966611.1120832,1.0189182732167146,0.9672683204683046
sim-01,1762966611.1717327,1.0063289120110577,0.9591670223399581
sim-01,1762966611.2312405,1.0014677486860595,0.9469382398634214
sim-01,1762966611.290688,0.9921650263916363,0.9432965135094338
sim-01,1762966611.349919,0.9878139358508138,0.9281775061844261
sim-01,1762966611.4093916,0.9746723827797674,0.9296502409441614
sim-01,1762966611.468662,0.9678856780170204,0.9229260801761923
sim-01,1762966611.5278032,0.967005076022325,0.9307072509460838
sim-01,1762966611.5870168,0.9835109206939565,0.9400648333619848
sim-01,1762966611.6461635,0.9945122831246989,0.9484430095235267
sim-01,1762966611.7053475,1.0113078701964635,0.9706123046267567
sim-01,1762966611.7646592,1.0317738355132253,0.9839588474197153
sim-01,1762966613.8725295,0.9923963211159571,0.9324856124061867
sim-01,1762966613.932206,0.9863305289553195,0.9310672056404387
sim-01,1762966613.9916577,0.9733258404167774,0.931906214616794
sim-01,1762966614.0510175,0.985109010125533,0.9377368950260099
sim-01,1762966614.110508,0.9937077079970549,0.9527200424256028
sim-01,1762966614.1696935,1.0033840827108604,0.9666617860215152
sim-01,1762966614.229013,1.023367150470399,0.9765041238173023
sim-01,1762966614.288294,1.0344854920149857,0.9846878079709954
sim-01,1762966614.3475986,1.0351707083958959,0.984803517539235
sim-01,1762966614.4068568,1.034676574427492,0.9762536225875383
sim-01,1762966614.4664621,1.0251425941100152,0.963278559203179
sim-01,1762966614.5257542,1.0099347878316147,0.9599554535565107
sim-01,1762966614.5850286,0.9950991359272884,0.9470961375291722
sim-01,1762966614.6442952,0.9867894639518792,0.9359057177722141
sim-01,1762966614.7034743,0.9818043624700046,0.9221049446745149
sim-01,1762966614.7625363,0.9712167792343878,0.9182992881911756
sim-01,1762966614.8215811,0.965434283277343,0.9241606903025539
sim-01,1762966614.8807356,0.9679365546440258,0.9299542461733262
sim-01,1762966614.9400594,0.9803107826689865,0.9421008215577653
sim-01,1762966614.9991567,0.9992816415062782,0.9553429981374189
sim-01,1762966615.0583372,1.0159577723931918,0.963375270804629
sim-01,1762966615.117562,1.0233703806214365,0.9745255927663784
sim-01,1762966615.1766305,1.0265460521364314,0.9768396794179584
sim-01,1762966615.2360764,1.0224614222400568,0.9767377480227342
sim-01,1762966615.2950678,1.0152916316577103,0.9667258363006015
sim-01,1762966615.3543198,1.0056457391391747,0.9589738393990849
sim-01,1762966615.4137132,0.9990248986104465,0.9492680442452562
sim-01,1762966615.4729574,0.995236571427287,0.9353765343843563
sim-01,1762966615.5322397,0.9869705419250555,0.932721794663498
sim-01,1762966615.591504,0.9772192035745935,0.9273630671349355
sim-01,1762966615.650701,0.9737888010746304,0.9197671902901905
sim-01,1762966615.7100673,0.9764333193405154,0.9298755539098298
sim-01,1762966615.769445,0.9853212832285695,0.9469602229484939
sim-01,1762966615.8290355,1.0018545887741463,0.95877252200435
sim-01,1762966615.8882399,1.0206726816788412,0.9744994813390221
sim-01,1762966615.9477377,1.0282076695475295,0.9761522689935096
sim-01,1762966616.0072174,1.0357628383358568,0.981288918482121
sim-01,1762966616.0664845,1.0324530723031566,0.9727098357844173
sim-01,1762966616.125937,1.0165184466744421,0.9638393134804248
sim-01,1762966616.185668,1.0037742498464317,0.949562678988885
sim-01,1762966616.2447782,1.0002399196474885,0.9397910420500031
sim-01,1762966616.3039558,0.9920902370880906,0.9298842422946849
sim-01,1762966616.3631172,0.9743860908550304,0.9220068060542371
sim-01,1762966616.422515,0.965574275425309,0.9198744981102928
sim-01,1762966616.4816992,0.9576162219397615,0.9153950985384292
sim-01,1762966616.541111,0.9667430890657014,0.9245987022058247
sim-01,1762966616.600412,0.9743006436477988,0.9345101496966627
sim-01,1762966616.6596875,0.9933570166751103,0.9422766199472017
sim-01,1762966616.7187994,1.0012941592756608,0.9642431656200853
sim-01,1762966616.7780404,1.0178675877298968,0.9710837512778778
sim-01,1762966618.8706172,0.9753781987257402,0.9278074982224688
sim-01,1762966618.930007,0.9702766504162137,0.9178809011197917
sim-01,1762966618.9898016,0.9625899934670362,0.9196411454843717
sim-01,1762966619.0490537,0.9710620250034926,0.9236670260948977
sim-01,1762966619.108312,0.9809579864689921,0.9411391594834682
sim-01,1762966619.1673992,0.9942131177370098,0.9553038777668719
sim-01,1762966619.22641,1.0134112456975317,0.9713192514894055
sim-01,1762966619.2854912,1.0242803889936194,0.9758092691279644
sim-01,1762966619.3448162,1.033602362980965,0.9829444121444031
sim-01,1762966619.4042046,1.0249063355780912,0.9740527169147802
sim-01,1762966619.4634643,1.0155908095150525,0.9641875091520311
sim-01,1762966619.5225494,1.008791708438283,0.958421687077296
sim-01,1762966619.5816126,1.0002087579465804,0.951012849583723
sim-01,1762966619.6411598,0.9893723955014256,0.9432952858230054
sim-01,1762966619.7004945,0.9885781955398657,0.9277411569833188
sim-01,1762966619.75955,0.9748973802020005,0.924798032407042
sim-01,1762966619.8186343,0.9691841646207385,0.9291346234276424
sim-01,1762966619.8779228,0.9772843874722503,0.9333379426127569
sim-01,1762966619.9372258,0.9800203080733898,0.9450030874920919
sim-01,1762966619.9964347,0.9966517967917563,0.9590403713651486
sim-01,1762966620.0555918,1.0123790767838134,0.9681817130979261
sim-01,1762966620.1148827,1.0232580139508283,0.9749584589331174
sim-01,1762966620.1742623,1.030218155399059,0.9740976763246666
sim-01,1762966620.2337174,1.029539183486583,0.9712517819838763
sim-01,1762966620.2929013,1.0191787587870094,0.9600229920865381
sim-01,1762966620.3519163,1.0018287483032131,0.9550657614106768
sim-01,1762966620.4109983,0.9919755836506026,0.9451227088658375
sim-01,1762966620.4699972,0.9839449695723468,0.9327390370078102
sim-01,1762966620.5290604,0.9712776066293152,0.9184429955897806
sim-01,1762966620.588408,0.967191616108149,0.9125145112253462
sim-01,1762966620.6476238,0.9567895615717742,0.9177473477720329
sim-01,1762966620.707172,0.9572880152552101,0.9186478235255233
sim-01,1762966620.7661726,0.9681289181072807,0.9278610539188054
sim-01,1762966620.825507,0.9929879272766737,0.9484794949160145
sim-01,1762966620.8844903,1.0097026554665434,0.9634608648481666
sim-01,1762966620.9436522,1.0160893575407934,0.9749058575837661
sim-01,1762966621.0027413,1.024973664038183,0.9702171703601755
sim-01,1762966621.0618465,1.0267890138856273,0.9637425470900165
sim-01,1762966621.1212764,1.0155647593006494,0.9656348615288117
sim-01,1762966621.1806636,1.0068562276500672,0.9488693702607455
sim-01,1762966621.24002,0.9976748936400048,0.9460592221728923
sim-01,1762966621.2994199,0.9936934915043981,0.9336288704617507
sim-01,1762966621.3586361,0.9843468689880134,0.9298961729939244
sim-01,1762966621.4177163,0.9729390129816383,0.9224808966426015
sim-01,1762966621.4768705,0.973119938248667,0.9200117232470363
sim-01,1762966621.5363188,0.9713459895732139,0.929076205388223
sim-01,1762966621.595575,0.9878036986016094,0.9431240971122342
sim-01,1762966621.6548662,1.00786667103813,0.957665566584535
sim-01,1762966621.7143528,1.017230669906261,0.9716206361621875
sim-01,1762966621.773639,1.0313213589666566,0.98951067751541
